Date,High Yield,Investment Grade,Commodities,Russell 2000,Russell 1000,S&P 500,Risk Free
1983-08-31,0.4544669054370938,-0.23268806279137422,7.099831757953645,-4.849934802686403,-0.23517148061847837,0.7298242954574488,0.76
1983-09-30,1.753169268784193,2.797880138000947,-3.5915956117082457,0.8050472359803009,0.5568778657317135,0.6113262521865563,0.76
1983-10-31,0.18704149361046796,-0.8031024167971887,-6.225090226046275,-8.05223447342383,-3.1407995689434287,-1.922865238621681,0.76
1983-11-30,-0.012445846135805572,0.4951669536930938,1.177871884358486,4.2071480825463805,1.2926469679445118,1.3875360055419812,0.7
1983-12-30,-1.4078373973098874,-1.042885435875149,0.6557540462799443,-2.8408183275937966,-1.9608287156550557,-1.254214959921557,0.73
1984-01-31,2.71562193785355,1.9982465489152743,-4.4723656258755,-2.610570122462727,-2.6436744139607695,-1.3193713412986299,0.76
1984-02-29,-1.5771119363147579,-1.876126248448803,2.7464824447692266,-6.773170376150712,-5.242490929929063,-4.292167119239883,0.71
1984-03-30,-1.6620086484869772,-2.0707864396507754,2.7583271759942534,-0.3634723816586397,0.40148009522942285,0.9869759800771172,0.73
1984-04-30,-2.1082824082707683,-1.680501394229382,-2.7299963343358136,-1.5444036052912016,-0.4916433139623262,0.13414099482474862,0.81
1984-05-31,-4.668391961808204,-4.592628574180521,2.8371493339585383,-6.338956396259009,-6.837209486096183,-6.474882735331793,0.78
1984-06-29,0.8076950007496162,0.5909784853115361,-3.916844845587877,1.8199037808495069,1.287265670470827,1.3987729799811928,0.75
1984-07-31,1.5010168874824532,4.515043265869857,-10.189737725004742,-5.989314930342279,-2.628109111875236,-2.068114080377824,0.82
1984-08-31,1.7029908588715266,1.3876708296181421,3.9043384864387036,10.070461501698821,9.40939379725418,9.646278911252788,0.83
1984-09-28,1.4353050958892326,2.0885615906899493,-2.6921539888613575,-1.8491349107242878,-1.0955755320120453,-0.835975193611949,0.86
1984-10-31,2.239994824754698,3.979532541035427,-0.6970668963256016,-3.0199365634179363,-1.0517617819379295,-0.6154656313525031,1.0
1984-11-30,0.17675347915934092,0.9793722374839193,-2.275852398078994,-3.642123591139889,-2.150135617605801,-1.8561495921122262,0.73
1984-12-31,-0.7285347556724214,0.6383915804700261,-4.121869737650583,0.734823154627788,1.5482740395752117,1.96066488791962,0.64
1985-01-31,3.0794078114894665,2.2115231718342776,1.0916054632994316,11.638541267487131,6.814247826689625,6.852583590546033,0.65
1985-02-28,0.6749982406536877,-3.1528757511773624,-3.5719987815079652,1.8063503681169317,0.5216358145629484,0.6372878089198425,0.58
1985-03-29,-0.1911576358214872,1.3018989752754768,7.2509219940319705,-2.872270764036555,-0.9875845602257827,-0.5537656871770769,0.62
1985-04-30,1.0926379721443962,1.4894906660039713,-3.1928403744516967,-2.097560109476661,-1.030890054706123,-0.814141825528291,0.72
1985-05-31,3.4880973127298134,5.506893179656123,-1.4029816597308593,2.731698146163349,4.623583437797349,4.956917024756905,0.66
1985-06-28,0.7068900735113564,0.23795140101477108,-1.5193047955268872,0.4061230570294534,1.019550079376961,1.0047072547096416,0.55
1985-07-31,0.21955717016381548,-1.031440803250077,-0.49897705983447443,2.0281685278522996,-1.4563258045877594,-0.7660356564346515,0.62
1985-08-30,1.4427084881347165,1.797449453875953,0.3792919263989156,-1.764052607967058,-1.5338486781798923,-1.412702803422078,0.55
1985-09-30,0.3515969398998283,-0.5394317252348538,1.447564616360408,-7.002327254304272,-4.582924861901861,-3.777776978182524,0.6
1985-10-31,-0.3872666731719673,1.7570413984670927,3.6337848681905824,2.9083611714584476,3.7185738239200306,3.8653464391395844,0.65
1985-11-29,1.8484725790948255,1.9372524805011193,-0.030509477122719564,5.9303705417246295,5.7244406750415875,6.024136120428745,0.61
1985-12-31,3.0408267310959447,2.5850171518445832,-0.14222564514722835,3.477793620640044,3.342456916093455,4.074138332978656,0.65
1986-01-31,0.749680099045773,0.18218515964249882,-6.205805261964832,0.9051360340711931,0.3154075210911609,-0.0030747260742759464,0.56
1986-02-28,3.245579002739346,4.141100154471059,-7.2789973476171,6.228508495328853,6.431543617802622,6.678564219854535,0.53
1986-03-31,3.173784643624801,1.8050178631077558,-1.7215754815806399,3.9945540618287727,4.416680530710413,4.828986620197387,0.6
1986-04-30,1.0547348838074115,0.021777078458735555,4.073329011524541,0.8484917952403503,-1.7849449315003698,-1.6523636108412332,0.52
1986-05-30,0.6027689830669662,-1.5948159241643411,-3.107451790215536,2.7598332148330202,4.357895702419257,4.693438777237756,0.49
1986-06-30,0.5858120367113702,1.3396045742228857,-3.720781540445948,-0.7640415833845523,0.9005712616316364,1.155792857479803,0.52
1986-07-31,-1.5253473792597099,-0.06865341621048637,-0.3237891417358236,-10.453334539076831,-6.5517667764366525,-6.275720538872019,0.52
1986-08-29,1.0658914065025284,1.5710661288675314,5.977223240727763,2.487842147754222,6.068403554634635,6.693649421945954,0.46
1986-09-30,0.7419531634155545,-0.7368014842697811,2.42031810515527,-6.981105664576359,-9.37037101672807,-9.07892596218065,0.45
1986-10-31,1.8343710054040137,1.2024906978570522,0.009946763852745955,3.3406722897276246,4.514284761515757,5.146761627415,0.46
1986-11-28,-0.658970007646632,1.040926169556077,-0.8283349565795579,-0.8834156468101495,1.0094632575180706,2.011449104040579,0.39
1986-12-31,-0.7777009896232434,0.4067147763303609,1.389574168417263,-3.5989262563664965,-3.4990408800789314,-3.0750970408549234,0.49
1987-01-30,3.632423110549425,1.7390085775103707,2.551388164620246,10.454037965935937,11.574017585046155,12.213086475575029,0.42
1987-02-27,1.6689762774109382,0.17174108950011296,-4.696629926069166,7.509252163090751,3.4863031553173944,3.4453342294284783,0.43
1987-03-31,0.21624411508301866,-0.8707581329231466,4.849050709373432,2.0858943072955842,1.2575874669748808,2.37446080259694,0.47
1987-04-30,-3.977364646508165,-3.7819868886717067,6.280144281072486,-3.4520672048255387,-2.3945971462730555,-1.331882435211658,0.44
1987-05-29,0.3375541464399897,-0.8360621307284456,2.014296771407442,-0.9034644440961448,-0.05156918091547391,0.48323658448564877,0.38
1987-06-30,0.7919318949341609,0.9636895429865642,0.5517971137121584,1.9219353055438955,3.911213681044971,4.446622699451472,0.48
1987-07-31,-0.1927797824283064,-0.7335208326148298,0.8341738249466739,2.5206133683314347,3.6068450776629657,4.481646134077013,0.46
1987-08-31,0.1469889099700602,-1.033493442147996,-3.535673849129317,2.25078598530824,3.222503570046399,3.193320687067713,0.47
1987-09-30,-3.6494473038706534,-3.310259213228407,1.2769436002684709,-2.3908989854515927,-2.9415023485963383,-2.6666133578335414,0.45
1987-10-30,-3.923273392165751,2.6824697836131426,0.4548713539984547,-37.2539617141067,-25.29172365142057,-24.853302116575538,0.6
1987-11-30,2.488501832757993,0.7103837386652171,1.7688762968381662,-6.048611085677832,-8.832139217902016,-8.950468275592957,0.35
1987-12-31,1.9878274564502245,1.4836690035046183,-2.679865224220917,7.148201420424015,6.3683952838709015,6.941997103656256,0.39
1988-01-29,2.999862862410705,3.5562136072207102,0.8844964955436749,3.796079492156988,3.932308706092499,3.8301624594256047,0.29
1988-02-29,2.7250693002301576,0.902029164776984,-2.0118001643909857,7.959848955799749,3.708930684164356,4.09609732001524,0.46
1988-03-31,-1.4850429087599153,-1.3038797180363975,3.5741588858388265,3.982285189107134,-3.359940589285584,-3.578009560804512,0.44
1988-04-29,0.3006240312573069,-1.1697561489878283,2.197154951373141,1.6937441014055405,0.17369348699779225,0.639971706687168,0.46
1988-05-31,-0.35964018217581817,-1.0542948905580634,3.9725488610131343,-3.4176847450703027,-0.36719654281543523,0.351207469014872,0.51
1988-06-30,0.9589918976439558,1.875246210682813,3.453682936044859,6.229701559776656,4.243693314268496,3.996847057961915,0.49
1988-07-29,0.14366600696665177,-0.7364652875267896,-5.514017192302215,-1.5771168844753305,-1.4852287312059795,-0.8899029523413631,0.51
1988-08-31,-0.7372289675981628,-0.1687168055409291,-0.5183646425109727,-3.4592913903383202,-3.8914508060372244,-4.045768728187989,0.59
1988-09-30,0.6297874913747098,1.5135580360838845,-5.6338257038745745,1.834401381041792,3.175615260062573,3.552279584347936,0.62
1988-10-31,0.5935580082032427,1.122604409243627,1.5051779605479805,-1.851578485437408,1.275751312012067,2.1362867547854516,0.61
1988-11-30,0.01873387854407038,-1.535851744043638,1.975595993630645,-4.137413364037936,-2.560122595300692,-2.0053947296712744,0.57
1988-12-30,-0.161495807504481,-0.3581170442104187,5.4255724891056,2.997588621191083,1.0595590081868291,1.0994778421547031,0.63
1989-01-31,1.1975830646876684,0.9174217046287345,-1.6710338121682435,3.717856936311737,5.942977865595321,6.5046696843784595,0.55
1989-02-28,-0.3905704286118273,-1.1764470687386788,2.0989999175930953,-0.051326099530769165,-2.9914723140941866,-3.1336407766454677,0.61
1989-03-31,-1.4551806986476667,-0.376438240764779,3.312697700364483,1.528870985485482,1.3223854218867372,1.6360627906768177,0.67
1989-04-28,-0.24913661010992488,1.3416751567784528,0.7697803199020378,3.490100697370475,4.0931177300655985,4.391730376830239,0.67
1989-05-31,1.1313267430804665,1.900335918591217,-3.0311953816769894,3.257871773046501,2.9517520724346826,3.1761418904757743,0.79
1989-06-30,0.5232295408904253,2.209540350893442,2.161589605090036,-3.1560095450804013,-1.462656514528574,-1.278799700348896,0.71
1989-07-31,-0.8308868984878083,1.221886600139515,-3.9150016245593333,2.9724549635561175,7.146398758446284,7.944469528899183,0.7
1989-08-31,-0.40101662454884757,-1.829780571396661,2.0683056881781363,1.4716394224836777,0.9225169224190037,1.1960605330522358,0.74
1989-09-29,-2.346691279643647,-0.18993587288467045,2.495138246827697,-0.4778812710362752,-1.1278390320873912,-1.0565869921252151,0.65
1989-10-31,-3.078602253372348,1.5957612008805273,-0.9432490463011647,-6.904663237670309,-3.5871343526652817,-3.0293511538680624,0.68
1989-11-30,-0.8866172396156417,-0.0015862711260179463,1.567270212905426,-0.19514557907124763,0.8184354004393197,1.3288883104472067,0.69
1989-12-29,-0.45368299769368986,-0.5041705519006222,2.9699221668027107,-0.42567582771040524,1.1149617515696484,1.7630913305908384,0.61
1990-01-31,-2.7397907366807135,-1.8228574542370763,-0.5450569194002369,-9.841316170214144,-8.16369970773857,-7.520065186877915,0.57
1990-02-28,-2.6563897726070143,-0.2803384783962326,1.4893388122925466,2.3012019343402597,0.5747418985953089,0.7045377964630869,0.57
1990-03-30,1.9497293047229531,-0.5488189771255455,0.33162031493614774,3.02511248836781,1.5727849078107186,1.9708232778908483,0.64
1990-04-30,-0.8592091161324105,-1.7380191562007996,-0.20501938600454822,-4.1284351873050875,-3.5247217838079754,-3.2304726079378514,0.69
1990-05-31,1.2312099478017307,2.5035038006569623,-2.0636735622622018,5.987316049995299,7.851685286470261,8.61515417629219,0.68
1990-06-29,1.7579355722237677,1.0636941398164685,-0.8715909104525134,-0.5680889695513703,-1.4107140495204677,-1.3095734842051625,0.63
1990-07-31,1.9782861365070143,0.44538815511847496,3.3150517462809517,-5.314561777009859,-1.799107862271681,-1.0108977149197984,0.68
1990-08-31,-6.5201179691529205,-2.265766518314115,8.531875454476733,-15.235725492330245,-10.713315879461607,-10.141699452441232,0.66
1990-09-28,-8.179224066704055,-0.14315784522984226,12.33111887727789,-10.064406694195627,-6.093910627161772,-5.595180260725226,0.6
1990-10-31,-6.073946655914704,-0.23162620245486515,-6.041907073093974,-7.142104864652514,-1.4473933030529547,-1.1169733984051182,0.68
1990-11-30,2.5029628615260675,1.4649263544674689,-5.5291140818006,6.530099612671673,5.591429859206908,5.6870296113306535,0.57
1990-12-31,-0.041152004811113696,0.7991750432179078,-0.8208747925395281,2.932246242729284,2.082937274177117,2.1424831263521718,0.6
1991-01-31,2.1903717870346586,0.737981141528038,-8.392238613323295,8.004460020263238,3.978814398350251,3.734007082873078,0.52
1991-02-28,9.901894729556732,1.217039739422411,1.5583535752503983,9.904073152220722,6.165963767483767,6.419149498375509,0.48
1991-03-29,5.284261007153801,0.7855225731252691,0.2576700693537545,6.240075097462759,2.0225763462785142,1.9551481034415787,0.44
1991-04-30,3.4880946949016067,0.7586700445158372,-0.07676288131832809,-0.9267863909729475,-0.617592728517413,-0.3028591819270309,0.53
1991-05-31,-0.2883227593784725,0.21559267155190398,-1.5661938381620069,4.0154320418694915,3.1795830800576175,3.7532533394945933,0.47
1991-06-28,2.4944371445984608,-0.43548556941595934,-2.9206919681306256,-6.575230640031065,-5.247338951502922,-5.110650538251536,0.42
1991-07-31,2.6590667091370888,0.9380877354837973,3.710391624914898,2.803632043844959,4.016873880070553,4.060020718843424,0.49
1991-08-30,1.8139486969489558,1.778124860280757,-0.2998134193893323,2.9871490463161807,1.7370192471229462,1.870037452812606,0.46
1991-09-30,0.9233493261350789,1.5811322140116486,0.8383404835950468,0.17123104537132822,-1.9405729873151598,-2.147607082481379,0.46
1991-10-31,2.863647114132741,0.5226821401246631,0.48089354185897765,2.0832342588485777,1.010335177863642,0.9143968964634883,0.42
1991-11-29,0.1295421115656059,0.5851426869060902,-2.9515403927185844,-5.289175421088504,-4.602169966478871,-4.507510227134381,0.39
1991-12-31,1.0483214601470463,2.835892806019628,-4.65059421564965,7.135241139686628,10.181483403895069,10.44385312295457,0.38
1992-01-31,3.1219274049568724,-1.5967349147641723,1.632044345295703,7.370603729240366,-1.7247744202509683,-2.2207871367503227,0.34
1992-02-28,2.157370567479993,0.674047026012453,-0.2685568645684206,2.451678765287264,0.6010827304894827,1.0055768361407025,0.28
1992-03-31,0.8922684726672763,-0.769507425887341,0.5753571549206768,-3.9310610635296657,-2.7393725559009603,-2.304581772869726,0.34
1992-04-30,0.05911714762185316,0.17743097097275384,0.501216518648786,-3.991436999684463,1.908505636322135,2.57315298180318,0.32
1992-05-29,1.1211782626126179,1.92916893424987,3.074572199573179,0.8837617188824769,0.014069257287360082,0.21640890217835013,0.28
1992-06-30,0.6171489224786928,1.2329338179416807,0.08745711730884081,-5.318638709905558,-2.193857973481566,-1.8187670626197106,0.32
1992-07-31,1.188425059652025,2.3243874734288252,-0.6591472133505094,2.9997984955109143,3.5263777782183188,3.693902325815498,0.31
1992-08-31,1.0417715232388538,0.5127573695991278,-1.3317918111981646,-3.280019968915904,-2.74245691161046,-2.328530480477256,0.26
1992-09-30,0.7527261139771089,0.9465126501916028,1.2091714071298152,1.8600107242082597,0.7700751183931871,0.9085452017007118,0.26
1992-10-30,-1.6500312297892312,-2.0248930554638447,-3.2237062247096846,2.790253689843493,0.4461908819574969,0.11450852923790708,0.23
1992-11-30,1.0202886319115658,-0.07037264702916177,-1.0772296943351198,7.000626986596336,3.1948821985030404,3.117628423875627,0.23
1992-12-31,0.856093566955803,1.548817762021589,-0.33216777684121523,3.0046420795735873,1.1367156276997759,0.9381522735660426,0.28
1993-01-29,2.6366606114837503,2.073237428319015,-0.41741460457523405,3.0170818418624545,0.4033211034910986,0.6025880777660335,0.23
1993-02-26,1.5280577723516224,2.0497017182530697,1.0076593102104314,-2.6824013021865354,0.37856570922523725,1.1330152728957457,0.22
1993-03-31,1.0280824882576556,0.09898730147740092,2.096738601856704,2.797191271568744,1.9173775625522556,1.8391787334630765,0.25
1993-04-30,0.6287238718547797,0.5268330851038618,0.6795693429535613,-3.1194532298549777,-3.050241287397082,-2.6870104246803566,0.24
1993-05-31,0.9611642831060399,-0.1023138763956089,-2.0257529541758688,3.6701873710978785,2.166997130737528,2.4173711127483775,0.22
1993-06-30,1.8272617591846565,2.148732453817341,-0.5728404745066527,0.5473981920009029,0.18401357797509044,0.04065321735056854,0.25
1993-07-30,0.7207190275611568,0.4816964714269959,1.4682555578944891,1.046538995626136,-0.7021383038299897,-0.6426237629416347,0.24
1993-08-31,0.5904398573014079,2.205749621985506,-1.975276067649772,3.849509704458053,3.2070091710196973,3.4722759840585846,0.25
1993-09-30,-0.002817755780336162,-0.022120010042136096,-2.621680293992889,2.4089677872142534,-0.7441722980139469,-1.0337583396498427,0.26
1993-10-29,1.7853838935867123,0.28238525282834903,-1.4630849949183178,2.2450287306188104,0.9497810419713284,1.8274932672266389,0.22
1993-11-30,0.22946665670669952,-1.48492649419348,-1.3238932577806297,-3.7179669893157934,-1.9507228396879177,-1.2080176799583056,0.25
1993-12-31,1.0065224114688327,0.35589172871217145,1.215858520949801,3.003952084436051,1.366831955305558,0.9694219730186338,0.23
1994-01-31,1.8977484994263154,1.6720234652071209,3.3855086066557547,2.7592741912086924,2.606790137985593,3.0937922512332414,0.25
1994-02-28,-0.4718199348716099,-2.5990304050461264,-0.9868895570955946,-0.679369187205981,-3.1645484811684375,-2.9618825463266076,0.21
1994-03-31,-4.121119314192136,-3.3872110309963563,-0.05013694930595283,-5.82294129844054,-4.866815232050575,-4.726014508192929,0.27
1994-04-29,-0.9578021848444774,-1.2375532171742298,1.8219479567519254,0.2483243016428741,0.785506054215958,1.004049693077292,0.27
1994-05-31,-0.2580339499824745,-0.6790013524059322,4.915183312384231,-1.577866254921217,0.6875094665234238,1.3163588509227921,0.31
1994-06-30,-0.001646850099742747,-0.5557592797209905,2.483213258492399,-3.8968892440823266,-3.258181881061622,-2.7897845973114683,0.31
1994-07-29,0.5652409103058291,2.2137765784902577,1.0704472579838733,1.247891611656534,2.787640064506421,2.9459464716209034,0.28
1994-08-31,0.33508920889353033,-0.25737996367135657,-3.0572252748618625,4.902368053492732,3.443061835210106,3.648091899890245,0.37
1994-09-30,-0.3643339565965913,-2.251349524823519,-0.21946253456325643,-0.8469466480461071,-2.9456506372954276,-2.84822611235199,0.37
1994-10-31,-0.14231561204918383,-0.6096520440261899,0.4211845877304681,-0.8813123248999456,1.3278838091049652,1.8402254457430849,0.38
1994-11-30,-1.6385039262813188,-0.5343606741224867,-0.5904389630232504,-4.637791527240664,-4.3503604160062155,-4.079814616329977,0.37
1994-12-30,0.2929173986784334,0.38356472785938617,2.3432653321639485,2.036358755713594,0.7271929849546417,1.027348032209327,0.44
1995-01-31,0.9262420211369973,1.6787283178300916,-0.994571098272147,-1.7779136675010654,2.0343326577927603,2.136706957256605,0.42
1995-02-28,2.9710902458447888,2.4421375696452934,-0.5303152742524918,3.6671802465843695,3.5973117672803996,3.4231162783022855,0.4
1995-03-31,0.6103074472752852,0.3526239746928456,1.9865377567923552,1.244726609650694,2.0765360302124916,2.447562465278141,0.46
1995-04-28,2.0730077511059903,1.2331969985910745,1.5379385265289933,1.7564272547458626,2.1805062160213535,2.4589446853951844,0.44
1995-05-31,2.2247727595622817,4.065736409496036,-1.2259443159403465,1.1591847616990927,3.2227696104283403,3.376941364744565,0.54
1995-06-30,0.16392458150608802,0.4267495865241602,-1.4634930207743133,4.583837585882242,2.1419243694550776,1.8257203599725538,0.47
1995-07-31,0.8059192509902637,-0.8927878003307756,1.4735251587834888,5.150764079711243,3.297405313789762,2.8093485509768406,0.45
1995-08-31,-0.15846938629735885,1.1286003977553911,1.222971623025359,1.575006978483419,0.27969712723813334,-0.2218845633570172,0.47
1995-09-29,0.7917592741639223,0.7482621393169853,0.5175818494514044,1.3381133204049582,3.6041667718774257,3.70385155198167,0.43
1995-10-31,0.14510002420567158,0.8228215685824389,0.37982366004068624,-5.046500472238327,-0.9294841547701205,-0.831914528940163,0.47
1995-11-30,0.45808408517425164,1.4760923098837724,1.1303046755938913,3.6963983822918003,3.944225143462755,3.8738483948380447,0.42
1995-12-29,1.0694717432676129,1.1441871838892173,4.6665588908171225,2.1131705567358496,1.0223482783637614,1.4138058593630478,0.49
1996-01-31,1.3142714924625143,0.21337679147743677,0.28639807831811154,-0.5349422090466223,2.745444214610724,2.9068317339989633,0.43
1996-02-29,-0.3103691083761495,-2.7946687798867944,1.721423134450002,2.6793007504827804,0.9069108851839339,0.5317207699034413,0.39
1996-03-29,-0.4579164887521447,-1.2456705936145083,4.257341508544039,1.6273722168274358,0.5035297237062856,0.567813397374202,0.39
1996-04-30,-0.2400242490288951,-1.292910856861852,4.321309359815751,4.746853875853447,1.0498104819372869,0.9958934001022164,0.46
1996-05-31,0.1789646759682016,-0.5947142484564244,-0.871828555394526,3.4438860253887134,1.9526133827732912,2.119367722099136,0.42
1996-06-28,0.42381175862676657,1.0562151622628222,-0.5663660367218739,-4.589337707833642,-0.29173670993152906,-0.020911046372210085,0.4
1996-07-31,0.014443388839048055,-0.2567704054860146,-1.8792217761411976,-9.589716788155473,-5.399538201391144,-4.975739573089579,0.45
1996-08-30,0.6646290345302925,-0.7186020556264927,4.328878796840524,5.229904172178329,2.2758285040188677,1.677785994986525,0.41
1996-09-30,1.9414920448899884,1.6579446862212963,0.06781333297762132,3.3928118716353577,5.032100948492108,5.036105172116612,0.44
1996-10-31,0.3459997057423427,2.2734344370434583,-1.8234082937640088,-1.9742725970657395,1.7662872897443447,2.2949936604723904,0.42
1996-11-29,1.5433529780343993,1.7043624731677476,5.018264156243315,3.6275790789379467,6.710445599242908,6.876086207662216,0.41
1996-12-31,0.25341386019647455,-1.850499038698539,0.8947520547136203,2.1227488103848127,-2.0907461651622694,-2.463343371567703,0.46
1997-01-31,0.521646859358003,-0.3091383732339518,0.18795672186586704,1.529002392665041,5.307331211830836,5.604268690073585,0.45
1997-02-28,1.2504498347248871,0.027893934155461153,0.6528280259566167,-2.8444454596418827,-0.005790592417075469,0.39073042780405853,0.39
1997-03-31,-1.930595599351176,-1.9993660370615554,1.6350266523665302,-5.266495740655833,-5.036842217239318,-4.625312536644689,0.43
1997-04-30,0.6190048588660737,1.0739294206039607,0.353758055960202,-0.14938815490711294,4.839470403930245,5.3616526663955595,0.43
1997-05-30,1.6268650969959244,0.6362911744253268,0.9745977776770707,10.055514206965404,5.720103724616637,5.419832101127335,0.49
1997-06-30,1.0073087614270708,1.035927958071201,-6.2891958131674555,3.8243011109332707,3.6917349535715474,4.012847546397879,0.37
1997-07-31,2.2788295593558288,3.1640992435974695,2.764716132944398,4.116930693843818,7.437334733413563,7.218248677495083,0.43
1997-08-29,-0.6367373480963755,-1.8975474359378106,-0.5104623774247632,1.8511476941021108,-5.243186151272013,-6.178358807894921,0.41
1997-09-30,1.522380226902449,1.2946143300382158,0.6733471416866688,6.62467135350649,4.900278960097891,4.891782800246095,0.44
1997-10-31,-0.3310062043452995,0.8398385879547163,-0.024381166036116175,-4.911479302698878,-3.716383368694143,-3.821176472276356,0.42
1997-11-28,0.5607567913312044,0.17265166389009634,-4.4407923541608625,-1.0386996792504841,3.8552715657676466,4.135969601295268,0.39
1997-12-31,0.3934679353633236,0.5741072430082086,-4.554876067536906,1.255097778875069,1.5303697354568175,1.2206326124802036,0.48
1998-01-30,1.3540813450674776,0.7490578175129095,-0.06129016212189914,-2.0193084228458416,0.31016179602706256,0.665436145224658,0.43
1998-02-27,0.1939812761482106,-0.4226523736436588,-4.786232680199664,6.742572929192851,6.496576902646689,6.574166548551979,0.39
1998-03-31,0.543947983571903,-0.020912466984774114,-0.10081140903728025,3.649412859610442,4.529777708335128,4.603315525320602,0.39
1998-04-30,-0.035789788267291234,0.19986732053560324,-1.7468313690973605,0.1270728153903677,0.5890019743444908,0.5655651193556142,0.43
1998-05-29,-0.05291697282016472,0.7799485757955938,-5.450605922654157,-5.935612237981778,-2.5910324352028327,-2.136871430509806,0.4
1998-06-30,-0.05139725475946966,0.3263432963288219,-2.5797909946480875,-0.1888769487745484,3.2265231370148735,3.5706919658371583,0.41
1998-07-31,0.16712810887562146,-0.49417931617646205,-6.61219352356825,-8.841584371918795,-1.6131379602515747,-1.4745895766962964,0.4
1998-08-31,-6.105993824290005,0.03695395391932704,-6.975680461945277,-22.01790706917941,-16.62182502319463,-16.046575795064996,0.43
1998-09-30,-0.009712085707884066,2.728280402480168,7.0122083744930945,7.075128738322106,6.058276533658761,5.749645980433191,0.46
1998-10-30,-2.389662842570555,-1.874352944763117,-3.3393010850782296,3.6808741476238294,7.282493424920836,7.499247704443779,0.32
1998-11-30,3.755639279668578,1.5568732245609183,-7.787945419112318,4.795940672339375,5.6995385629161905,5.574004687623227,0.31
1998-12-31,-0.26996128884532566,-0.09004358515259903,-3.833966854361914,5.626566978800476,5.793498942672519,5.220505794273972,0.38
1999-01-29,1.1228733277978797,0.6334976066858878,-0.7871397454229253,0.9706892677257947,3.155492239352091,3.7465577926303903,0.35
1999-02-26,-0.9395048665489288,-2.751933063614549,-3.896442025961315,-8.796972719502607,-3.573787739083041,-3.507977422815565,0.35
1999-03-31,0.5188679345740621,0.2753075886624557,8.721956389807712,1.1169746407920653,3.3282842347821706,3.4928154588602824,0.43
1999-04-30,1.5496326161334175,-0.07783013634983799,3.5932187897823904,8.211952002774801,3.728520953173139,3.4286500437117313,0.37
1999-05-31,-1.7029754930785448,-1.6865109847488853,-6.681869566370193,0.929359902743621,-2.5259501337849324,-2.7300052514654047,0.34
1999-06-30,-0.6131711368319297,-0.9228324927520337,5.037982087424528,4.198328352706788,4.5776507501594335,5.001216444228321,0.4
1999-07-30,0.020459242418045476,-0.9348604681926106,1.3635243273898956,-3.1641064442465328,-3.480787415651542,-3.553240461682835,0.38
1999-08-31,-1.5006557002806766,-0.6336596644725133,5.248690142782538,-4.131403291148751,-1.3320504801383628,-0.8847376046888165,0.39
1999-09-30,-1.1126770386127438,0.6903079154565342,4.681975980575045,-0.36962177082380177,-3.1779776930988173,-3.169841207460425,0.39
1999-10-29,-1.0564525526053892,0.06858578426599354,-4.434298355413257,0.013584526973546951,6.115692929186706,5.745240390398425,0.39
1999-11-30,0.8084560799421187,-0.25339814778516867,1.9580238929476397,5.437400144484864,2.175483024735905,1.652015442004807,0.36
1999-12-31,0.6785573699169531,-0.9711461054846693,2.393935741302409,10.274020069394998,5.410630088671387,5.28140479069215,0.44
2000-01-31,-0.842391686509152,-0.7629922737930248,4.869618922967936,-2.031387582013387,-4.59026939537242,-5.564847959877187,0.41
2000-02-29,-0.23637848771500883,0.49296501882206795,1.303157255624817,14.852679000904299,-0.6990399012395525,-2.341963284094757,0.43
2000-03-31,-2.594639608600124,0.3784202575851686,0.4944526552240204,-7.290712400375303,8.250137065904967,8.863618283958026,0.47
2000-04-28,-0.29982116150548305,-1.3422682802878325,-1.6953482066794283,-6.661879227201661,-3.8505375356235376,-3.5153772567002033,0.46
2000-05-31,-1.5307344680170538,-0.8730863722075506,6.013443855880537,-6.505654058662115,-3.120902199021552,-2.573617378682486,0.5
2000-06-30,1.6159458666917388,2.080522385810095,1.9324402624599393,7.918648522694003,2.1122811763101965,2.035364191122126,0.4
2000-07-31,0.28002715681541956,0.7255227250735146,-5.619733254524416,-3.750267977678997,-2.15437314300785,-2.049569593057991,0.48
2000-08-31,0.18166341305146783,0.7435006519803677,8.88120451805032,6.833162439169155,6.8243633940329085,5.526204335410487,0.5
2000-09-29,-1.3875426896019454,0.03648055395159855,-1.1329234100517547,-3.4950759504879185,-5.263204265341624,-5.934054129501603,0.51
2000-10-31,-3.8155297808357482,-0.5354027793619027,-3.007390342510762,-5.12734386306421,-1.771589451059681,-0.9841997442062664,0.56
2000-11-30,-4.550875768708709,0.6701516462149986,7.22475342451858,-11.341642470188152,-10.100027823188135,-8.721613520075534,0.51
2000-12-29,1.413298769344704,1.346896005798763,2.649386491642106,7.737543718975301,0.7011932161563239,-0.012467508222480439,0.5
2001-01-31,6.684150809017524,2.2821860437865835,-2.9171947611490796,4.5324610458663654,2.6958316379017337,2.946391101334016,0.54
2001-02-28,0.9424869277537481,0.4613527186568628,-0.8023267511680934,-7.168481547094724,-10.170830288190457,-9.941866586863492,0.38
2001-03-30,-2.802305503387186,0.19211360838588637,-4.773986197832802,-5.435761271996718,-7.292436484660029,-6.964527589360551,0.42
2001-04-30,-1.6432753346756752,-0.7176410156692569,3.0679408751999,7.139723014635632,7.338286994181858,7.093083884547013,0.39
2001-05-31,1.4645886351881106,0.5635779800309477,-2.439286868746478,2.107550294195081,0.3538129205127383,0.3476575417759458,0.32
2001-06-29,-3.1251499516482095,0.21893251915329387,-4.349757852602446,3.1143089773731996,-2.565699822009205,-2.7446589734033457,0.28
2001-07-31,1.161120429130501,2.3742430718750493,0.993585490986485,-5.842371863026033,-1.675115411997772,-1.2902792704839576,0.3
2001-08-31,0.862205311657199,0.9802861805381549,-0.35361741700796456,-3.5930181390800433,-6.598738159629167,-6.774419214561897,0.31
2001-09-28,-7.236782080624651,-0.6159066976475924,-7.263965974570891,-14.741465191334044,-9.142235667833221,-8.701394600858022,0.28
2001-10-31,2.2232886363103277,2.211229331000685,-5.082896637464807,5.467558301009762,1.8405956961230336,1.6674463430207351,0.22
2001-11-30,3.413050920060118,-1.0187242031780948,0.5995803988430197,7.284716464501993,7.2483261291573475,7.221511329813337,0.17
2001-12-31,-0.55877360851224,-0.8761244924785967,-2.1395759654254984,5.837935949076,0.910020168570182,0.7223977946345591,0.15
2002-01-31,0.5537417424633915,0.7049844415943406,-0.8147923206974393,-1.1854308577178032,-1.4182760011054065,-1.6098808489206013,0.14
2002-02-28,-1.535278597608622,0.5277726946635909,2.4282751712350135,-2.9100453571708216,-2.142128621298569,-2.0788341403494783,0.13
2002-03-29,2.2482572839724018,-2.0053212134917633,9.605615170019167,7.5991490981411305,3.8968984507497924,3.5612880522583086,0.13
2002-04-30,1.3969446388788689,1.1030140454712147,-0.14940185127033048,0.7570955857922816,-6.050004678380876,-6.405173265352647,0.15
2002-05-31,-0.6571656644889357,1.257020730687123,-1.6897831244914334,-4.678278532247296,-1.0262094779440465,-0.8800413073601244,0.14
2002-06-28,-7.7894936160018995,-0.12024215712607161,1.7911401371681834,-5.219626703992552,-7.788683456662896,-7.5102802538211835,0.13
2002-07-31,-4.616499332021755,-0.5141240414334615,-0.6931727033388337,-16.52419766298728,-7.839048529795588,-8.265750756928963,0.15
2002-08-30,2.672153589428051,2.477697509782158,3.7245339144312477,-0.3951233380242614,0.3828857807275916,0.5127190461940905,0.14
2002-09-30,-1.4615920849798845,1.7492333861378415,3.556842520426512,-7.59313031997219,-11.501230705027135,-11.64511836841495,0.14
2002-10-31,-1.0168219155820712,-1.4916744112414917,-1.1769962787892458,3.0155579300664206,7.841503176756998,8.295562333343783,0.14
2002-11-29,5.890526146783744,1.4311850530391745,0.16307114453751986,8.42458922574567,5.567608814428172,5.599258134475637,0.12
2002-12-31,1.2782337528952954,2.8978262634094003,4.670532902970452,-5.841786360021647,-5.9370570767473465,-6.165367028488194,0.11
2003-01-31,3.175015752597384,0.31992635731582697,7.315523408698766,-2.906511041299402,-2.5534581819338835,-2.754581338947387,0.1
2003-02-28,1.135711967541571,1.9437816041881797,3.2194094875233996,-3.1588244063665716,-1.6491469502178158,-1.6017438533955337,0.09
2003-03-31,2.735786858378374,-0.05725267289951332,-7.944735489179896,1.1797820189164248,0.9306879244008371,0.8651856714549421,0.1
2003-04-30,5.663631477739325,1.8765060904802862,-0.724623344398296,8.958744555005639,7.661753058585042,7.8132491502455945,0.1
2003-05-30,0.937567776668638,3.099475682877018,5.591315366297549,10.10372495419176,5.454970286067703,5.044214669555504,0.09
2003-06-30,2.7354634384060263,-0.3290855448545037,-2.603462028980247,1.6930578043581956,1.2072772604248254,1.167118196666745,0.1
2003-07-31,-1.1751583245629456,-4.51074496906504,0.5296188478603299,5.998120003390134,1.8996321445587478,1.6742276327504593,0.07
2003-08-29,1.0728876485551873,0.7580320690922935,3.8031745358398803,4.412655445930702,1.9391856846400903,1.8608239401740947,0.07
2003-09-30,2.6166009646839807,3.437983030878563,0.0035738747452271347,-1.944903970283936,-1.109764370872331,-1.1483194928470541,0.08
2003-10-31,1.9294001595195618,-1.1272176328634727,4.595192211053968,7.991756346639793,5.624612065244342,5.429272243426379,0.07
2003-11-28,1.4347725797162438,0.43671360975549983,-0.38527347099951653,3.4058713489169743,1.1209754341270843,0.8044033977891456,0.07
2003-12-31,2.159373736979221,1.0522001372443388,7.03622320256275,1.9566952456033868,4.595668336077127,5.030225015672802,0.08
2004-01-30,1.820263976044685,0.9728839529170978,1.7268988455348055,4.178605268663414,1.8129607506211332,1.7488289679388958,0.07
2004-02-27,-0.3112118382925854,1.1776811903406728,6.226400395549098,0.8364959369867511,1.3154361898606655,1.3198470392071433,0.06
2004-03-31,0.5869701107714052,0.8497710247599022,2.951031867162077,0.8257521811511683,-1.4641017011061248,-1.6102762892909979,0.09
2004-04-30,-0.7626545127738549,-3.2745148583150945,-1.8695725862526174,-5.314145791497234,-1.9046381638212764,-1.6622703313912373,0.08
2004-05-31,-1.7685122479561493,-0.7862318102983246,1.6212609078761906,1.5183050186833502,1.3770592487057636,1.3021024521748155,0.06
2004-06-30,1.343879374266975,0.36043048163693575,-4.314635061670127,4.047449700268137,1.7072045589874676,1.8458769098749332,0.08
2004-07-30,1.250472798410784,1.1365326444756245,1.6512576638131629,-7.070453862318458,-3.670408596631891,-3.4657620615372497,0.1
2004-08-31,1.8324845806564207,2.2398348961514856,-1.9494093225662636,-0.6291703358031928,0.3822951492671691,0.2925742586599283,0.11
2004-09-30,1.3316711568557573,0.5038291941995463,6.512439739766035,4.4783543644316905,1.1447599835762214,0.9672769630602317,0.11
2004-10-29,1.6803687735704504,0.8615653733123324,1.5680861162483142,1.8374207686741753,1.490390555926368,1.4061867729649271,0.11
2004-11-30,1.0484456331850527,-1.1725741398719802,-1.3550764396762338,8.148020000048362,4.039418239590272,3.81643027470674,0.15
2004-12-31,1.3197624822517244,1.198914060431568,-5.1952794266621565,2.747713685728878,3.38438866516981,3.18315334061483,0.16
2005-01-31,-0.29007285912997605,0.6335633400494566,0.8780071027083428,-4.424568922223631,-2.7119202978651282,-2.627660556162503,0.16
2005-02-28,1.3000685759816542,-0.7577209569877634,6.666123303991309,1.5173933708245302,2.0636720737726497,1.9225565904747002,0.16
2005-03-31,-3.161018874900758,-1.544129411358752,3.293108775183904,-3.1211014761968467,-1.8086826972287464,-1.9966465363551207,0.21
2005-04-29,-1.1897752426074537,1.0785112346996675,-6.221750952837921,-6.108022143752825,-2.0713419039610783,-2.1247439208541743,0.21
2005-05-31,1.520150175194191,1.1254442887615643,-1.0192744472611923,6.099682498029682,3.2432917400959163,2.8922650157932663,0.24
2005-06-30,1.7133463094127497,0.5866174460175995,1.4393306326881259,3.553662745369039,0.17789673232658484,-0.08812365926550145,0.23
2005-07-29,1.4933444434145429,-1.2322445089945109,4.145572307274494,5.902254513794227,3.5752202327936278,3.4112749850244874,0.24
2005-08-31,-0.10938790090825656,1.2188162416361363,6.97670705166695,-2.1756048782333623,-1.1691015770638968,-1.2163404290278907,0.3
2005-09-30,-1.2925623116772351,-1.917349871559399,4.257578607770599,0.02622980362219457,0.6322336157963686,0.5166451434555626,0.29
2005-10-31,-0.9705103490123296,-1.4313309670072811,-6.760079140775982,-3.4249509934099676,-2.03997375657588,-1.9510848865924568,0.27
2005-11-30,0.21073788482488826,0.2759701082654004,-0.05207401069142853,4.418535630493292,3.4125521399735055,3.4024159068159925,0.31
2005-12-30,0.5351676352595085,0.6861849854115005,2.8186181918484676,-0.7905493003387856,-0.1841983744738218,-0.28964584963144535,0.32
2006-01-31,1.2329014182140376,-0.5606108163898378,1.482608977884167,8.238061009750362,2.412960454518988,2.2633419980176046,0.35
2006-02-28,0.3253120216526703,0.11067416785055473,-6.804831206256784,-0.6189531301805185,-0.12212123737329858,-0.06931080892777802,0.34
2006-03-31,0.2269872430791593,-1.7894382008151184,1.8298223690634101,4.369088775964796,1.0347864325901823,0.8656533659663116,0.37
2006-04-28,0.2542246818356022,-0.710589130354159,6.199913275089153,-0.38038888053139475,0.832881454156896,0.973837734987972,0.36
2006-05-31,-0.4434455425173346,-0.5987998732667128,0.5220555541446725,-6.210879533481302,-3.4304118030992212,-3.35036412258119,0.43
2006-06-30,-0.7514468641131367,-0.2742004945528529,-1.9658864666243963,0.2374255327613376,-0.2714602592656704,-0.2671901808011845,0.4
2006-07-31,0.5741525802169437,1.0504336832415304,2.759638498821834,-3.711421466893278,-0.18071661190365879,0.21495730306924554,0.4
2006-08-31,1.1887688579223568,1.4260710803284402,-4.090273086487923,2.4947550214584906,1.94940571348431,1.9314422291609157,0.42
2006-09-29,0.9978219340403662,0.7288607925626178,-6.620112839139356,0.4277789184524236,1.9334985147482218,2.131917626758813,0.41
2006-10-31,0.941071303809665,0.3956933548640769,4.22450108492783,5.187540296116109,2.9291322811478544,2.796672858813993,0.41
2006-11-30,1.2464265368323197,1.0355027455251742,4.904605736651166,2.1586672802406492,1.6875664310701808,1.4639538497797313,0.42
2006-12-29,0.691949837706732,-1.3138387987003142,-5.10169605338738,-0.07110271033601112,0.8615422691557532,0.98423941985697,0.4
2007-01-31,0.6703662828884054,-0.4325061823960163,-0.22972709273179523,1.2188847408754302,1.4676435646002741,1.0609705113255672,0.44
2007-02-28,1.0087723343683908,1.658553290242096,2.932046344373718,-1.1791378575948652,-2.116996783260129,-2.3551249298315,0.38
2007-03-30,-0.3241355407183064,-1.0049628492154503,0.5401284377041329,0.63556448919459,0.5992258968324551,0.681117419848756,0.43
2007-04-30,0.8510893920390765,0.2908656341580526,0.708494986689681,1.3471095399484327,3.6774476262286906,3.894187720418677,0.44
2007-05-31,0.33469870729313816,-1.4144720460239906,-0.2806615031707129,3.604196187655507,3.1280221219009965,3.019297939984728,0.41
2007-06-29,-2.212297256953048,-0.8905412274437906,-1.8067024252066681,-1.8578008385177252,-2.330111686085425,-2.076376933128395,0.4
2007-07-31,-4.005285060138525,-0.16896647171581033,1.6538840606493355,-7.495014748033814,-3.544298365611757,-3.5495764254904656,0.4
2007-08-31,0.9343253737092703,0.38597396038377246,-4.118593775786253,1.8154528303932915,0.9211146377413633,1.0678727926280216,0.42
2007-09-28,2.2636181293263404,0.44725702778961934,7.380339412349214,1.3809638370608461,3.425709797968989,3.3505892602670806,0.32
2007-10-31,0.27775392580660324,0.8738344036940342,2.9592877322623004,2.5087385903781523,1.4067583832787,1.2581260277853044,0.32
2007-11-30,-2.5331210812370366,0.2569987881325802,-3.5263629172329902,-7.79534491884428,-4.629047745160027,-4.529247182920432,0.34
2007-12-31,0.021360592223685637,-0.11219677891171656,4.258239171454308,-0.34954267074262324,-0.934544148251713,-0.9705630109972982,0.27
2008-01-31,-1.5537426206856582,0.8026006858107688,3.926914747060146,-7.275679572283395,-6.393125716458851,-6.395595551492911,0.21
2008-02-29,-1.50345494681103,-0.01890660513074481,11.456101909389842,-3.9083581367907354,-3.234804590466718,-3.4324907032759038,0.13
2008-03-31,-0.51518659473796,-1.4485062897591852,-6.722058201541684,0.24460720212246181,-0.8510414465434474,-0.603260457811605,0.17
2008-04-30,4.0394109141859955,0.7304803137538232,3.3215635995459243,3.920952940796043,4.763203673170929,4.575497820140732,0.18
2008-05-30,0.18048315238812868,-1.1389457262546046,2.517289831236797,4.3110953660359455,1.6355166241738666,1.1069295422796535,0.18
2008-06-30,-3.005370132222233,-0.8118341562642013,8.53855781403689,-8.181084988189228,-8.84304865066208,-8.977636515545848,0.17
2008-07-31,-1.4911616588291494,-0.9003080855517694,-12.767839465425851,3.4825305198116236,-1.322655345513754,-0.9941746156523874,0.15
2008-08-29,0.21948154120974417,0.5865715196141776,-7.693120169424341,3.417006526632364,1.2374128773845032,1.3061009783247974,0.13
2008-09-30,-8.463657410434497,-8.23755642638978,-12.398317802318296,-8.454031592864014,-10.16951111949837,-9.48365558028919,0.15
2008-10-31,-17.404435352119105,-6.7411180013486955,-24.011389347070807,-23.41104022134446,-19.272146883018557,-18.466066311672666,0.08
2008-11-28,-9.805821543169708,3.9583604843095785,-7.242203587964522,-12.621369198261661,-7.893404956937251,-7.475916579575299,0.03
2008-12-31,7.402700377183091,6.575479351790159,-4.587574908140219,5.6276187162101845,1.5803547905297328,1.0578093088917577,0.0
2009-01-30,5.8212160876202095,0.45260008431054133,-5.525082519442354,-11.792777429781992,-8.51441329283554,-8.805155157655333,0.0
2009-02-27,-3.1618983356884276,-1.9972930735610386,-4.544591814758299,-12.973962924373584,-10.9278269551218,-11.26841741595455,0.01
2009-03-31,3.1191290274128693,-0.43364510485035834,3.519779202631405,8.522961866582532,8.363913636585478,8.376551375028106,0.02
2009-04-30,11.416269770751395,3.402788974030406,0.7203450309503642,14.362752857137023,9.63035631701302,9.128497872135798,0.01
2009-05-29,6.511740883529198,3.8295121920937674,12.225731605130449,2.9694139729513975,5.383497618854671,5.439686919812697,0.0
2009-06-30,2.8137087636224014,2.6849375577373467,-1.931019957766125,1.446174976198234,0.23125352602582797,0.1881581763571792,0.01
2009-07-31,5.898060045127788,4.21671298911969,3.1705798815992847,9.184587044790959,7.34280885909985,7.279835131733409,0.01
2009-08-31,1.8376773533078,1.807220003965627,-0.5943669268044459,2.817002627919388,3.5559657495193564,3.5348273561797767,0.01
2009-09-30,5.5285874908566415,1.749573014442789,1.5511977048046364,5.589081485947657,3.967431976392209,3.653580584933657,0.01
2009-10-30,1.7787405873013467,0.7003653404763327,3.2270089052026654,-7.036480469590323,-2.2365694726394865,-1.8765632820515936,0.0
2009-11-30,1.0023959700001779,1.4203319013302995,3.456982474500708,3.067233802990652,5.708285443909591,5.821817655278357,0.0
2009-12-31,3.218111893944119,-0.7935815734616647,1.949608808828344,7.726583504871518,2.39130651807154,1.9031178510895692,0.01
2010-01-29,1.2571772259090925,1.6183843125511708,-7.556357369797313,-3.755060481560948,-3.6646672897771806,-3.663733782901334,0.0
2010-02-26,0.17443173452711636,0.3546121445057271,3.645455626464268,4.4010064855110995,3.240008956113196,3.0489868393239337,0.0
2010-03-31,3.077017947765117,0.2885200608173153,-1.2601516324859585,7.793720182894821,5.950942502677778,5.849442717338205,0.01
2010-04-30,2.3068931769994125,1.793652512327338,1.9156094797812804,5.4947282793483625,1.8231165687814983,1.5555441850734557,0.01
2010-05-31,-3.6695512463987967,-0.5624566200581247,-7.184254776295472,-7.899992963711507,-8.270373264356998,-8.331896124264045,0.01
2010-06-30,1.2272159755128043,2.0987159665298236,0.30773041486593783,-8.077831472625519,-5.737965479612868,-5.387188744905352,0.01
2010-07-30,3.4842344954030273,1.9300956879653792,6.544650031094951,6.632233868908864,6.7061706068746565,6.761102156633215,0.01
2010-08-31,0.026001071640216124,1.9538251180159556,-2.588088927628874,-7.702919730391851,-4.586044716751573,-4.629869266290423,0.01
2010-09-30,2.9585112013102957,0.6868000934939903,6.998858089867368,11.73238750525948,8.77975198460557,8.53848418165375,0.01
2010-10-29,2.539505795151946,0.10796988121607912,4.852601019364833,4.000223020928153,3.80759466637479,3.723961898038797,0.01
2010-11-30,-1.1849602433385473,-0.8247699747100871,-0.3646538311459126,3.3995002464814577,0.31525220054621905,0.0024656030913801034,0.01
2010-12-31,1.7869418995806348,-0.9314649964144016,10.145398922989074,7.637582311228096,6.450737287300757,6.459293702269,0.01
2011-01-31,2.1721126327750375,0.18893455308370258,0.9880143756718416,-0.26802706887047695,2.366222146668851,2.3324838586797694,0.01
2011-02-28,1.2917631379163632,0.7793996443782305,1.2992990757993825,5.329055654438322,3.409368084614674,3.3579445442792073,0.01
2011-03-31,0.3132075161073665,-0.14378314691772473,2.0335256454319595,2.548597943638661,0.24801305615704744,0.02980456944629862,0.01
2011-04-29,1.5379579760973956,1.7050194488654093,3.404443196384287,2.6064329549126453,2.963241884664754,2.9180672665868483,0.0
2011-05-31,0.4864138009606913,1.4340583187468996,-5.1906210258904375,-1.8926968150938157,-1.0788407264960709,-1.1390816881426291,0.0
2011-06-30,-0.9783511943741083,-0.8802782969260667,-5.175910420962081,-2.332556010119545,-1.7636787289129412,-1.6809390745922625,0.0
2011-07-29,1.1526648785544755,2.490341732098577,2.918755792573947,-3.6814745976211087,-2.1942450963081095,-2.054742937780828,0.0
2011-08-31,-4.0949207678985315,0.05518815275537906,0.9836342597276828,-9.11222622365724,-5.941088371788524,-5.596079611130678,0.01
2011-09-30,-3.3234841430384625,0.2548355948730824,-15.940606429763626,-11.889867045135514,-7.755225747250082,-7.2892679583346025,0.0
2011-10-31,5.819844634811734,1.7717405250003038,6.408547787843127,14.09420229885149,10.623620990488945,10.371863599532391,0.0
2011-11-30,-2.179372258949146,-1.979318332355903,-2.2440101095212786,-0.3654322536274209,-0.2627960730039497,-0.22192883784090414,0.0
2011-12-30,2.621559635821381,2.1150401504698397,-3.819951634456986,0.6585220050842652,0.8324065573638446,1.0154735680875775,0.0
2012-01-31,2.9906164297450464,2.189933383473113,2.442787067650402,6.826748982535048,4.7583139607514955,4.384112995279193,0.0
2012-02-29,2.3476177340352966,0.838322498989092,2.662908399559106,2.365041585540451,4.29457492564452,4.233582688053944,0.0
2012-03-30,-0.13952258686427266,-0.970662495749011,-4.224520533669314,2.5298271375859125,3.08300439871665,3.23215736581565,0.0
2012-04-30,1.0413356525367707,1.3863351481411612,-0.4241293298370109,-1.55676811529042,-0.5819555323835662,-0.6299760598734918,0.0
2012-05-31,-1.3242279173643068,0.741722356410451,-9.586213150014965,-6.85367300465532,-6.352448997251744,-6.208341657186924,0.01
2012-06-29,2.0892743949769916,0.3542291919016016,5.3474179999210065,4.869480709688019,3.7564714150976384,4.037808476747849,0.0
2012-07-31,1.8847584699744162,2.836694599196444,6.268003899718448,-1.3915367777306207,1.1786743769245904,1.3793984864683289,0.0
2012-08-31,1.1538310602461113,0.21208203659763303,1.279999604112047,3.2721343162949186,2.3887091855506384,2.218621005177812,0.01
2012-09-28,1.3721768801944068,0.6896791452354043,1.681178615483905,3.2210146177533545,2.5296958601758766,2.541320144849508,0.01
2012-10-31,0.8643377743106389,1.2696206027826187,-3.959871069433799,-2.203301331236231,-1.7128917082893087,-1.8736498320315036,0.01
2012-11-30,0.7871149539387703,-0.16926431436182166,0.04159213365748139,0.5210781609174373,0.7812930663795253,0.5681787400386847,0.01
2012-12-31,1.5531948404993834,-0.07377681601931163,-2.6517204070117484,3.5141341785053695,1.0231287806469398,0.8933647687629104,0.01
2013-01-31,1.3316171212955654,-0.893459088517165,2.3689763951463325,6.071188521964049,5.280928289984082,5.04940397858274,0.0
2013-02-28,0.5066550952708659,0.7670117304393517,-4.172655304436078,1.0970307490919093,1.334529211137569,1.3477302167207275,0.0
2013-03-29,1.012933905317208,0.01924340663368562,0.671564630205731,4.514615756557587,3.7878842683175575,3.6818615119831395,0.0
2013-04-30,1.792892997276725,1.8094313771832424,-2.830686294101823,-0.3681250932222985,1.7897494644658265,1.908148910028937,0.0
2013-05-31,-0.5812420059447131,-2.3714693254169075,-2.268326460602161,3.9187176038435654,2.215015608554724,2.3111070089700267,0.0
2013-06-28,-2.657555425502176,-2.799280220375983,-4.829333289154602,-0.5138031179988541,-1.3727633316462327,-1.3517147909357363,0.0
2013-07-31,1.877930290043008,0.8297788078432891,1.353244935565436,6.763764436703018,5.2128450366485435,4.9631536118259,0.0
2013-08-30,-0.6097238227735645,-0.7049567688005592,3.345703242403797,-3.2292979771967314,-2.7966204480993526,-2.9400338669673816,0.0
2013-09-30,0.9881854396047631,0.6923592429379741,-2.587369143561406,6.1828564426798005,3.42773637779472,3.0880505367282614,0.0
2013-10-31,2.4745623735178817,1.4677977028160147,-1.4876298290087078,2.48352605306972,4.307965189521823,4.4937912815110375,0.0
2013-11-29,0.5064592201296537,-0.19841892773128328,-0.8035661694800899,3.9286713264368096,2.767293976107923,3.0012899247378555,0.0
2013-12-31,0.5380428647016491,-0.16350450997449242,1.2322712193295104,1.953076774790171,2.6620408374767464,2.4934496880988446,0.0
2014-01-31,0.6991097541001313,1.7962509156147068,0.29720411223316523,-2.807010786631526,-3.2459544202982595,-3.518608295564993,0.0
2014-02-28,2.0026703779921204,1.034449301826385,6.048578833413976,4.603637791324738,4.637324972968888,4.471991726959636,0.0
2014-03-31,0.23595350867433584,0.06659388672089267,0.41035308946154525,-0.683101755330825,0.6347275907935845,0.8372813896009782,0.0
2014-04-30,0.631380116675884,1.1907695721350553,2.4066532633369024,-3.9553219627861487,0.46947489865168895,0.7362217738721091,0.0
2014-05-30,0.9154882361455998,1.3578443847712565,-2.9167692295554972,0.7983307774363759,2.2715102087691412,2.319449509851303,0.0
2014-06-30,0.8322975212235499,0.07784549243122652,0.5945816483413031,5.184015255313103,2.248731855661171,2.044778434824334,0.0
2014-07-31,-1.3424316134922085,-0.05582243892451169,-5.112012407794284,-6.243850472755395,-1.6302041794033395,-1.388828360434401,0.0
2014-08-29,1.5723016346765835,1.4320482409099733,-1.0506430278776413,4.839571376436169,4.048739291459276,3.922199031706932,0.0
2014-09-30,-2.1155826259662827,-1.4532846732691649,-6.4280370619323985,-6.240088558477748,-1.7687637992922107,-1.412019319623977,0.0
2014-10-31,1.1814483413763055,1.0185782309058247,-0.8071351570849317,6.383746244782326,2.414299070592726,2.4126920447793654,0.0
2014-11-28,-0.7305360047902166,0.6716577807677413,-4.152915612027036,0.09020200750928985,2.5838844064891675,2.6527272410979363,0.0
2014-12-31,-1.4587712984317265,0.060696151910458296,-7.932617135424924,2.810007549528222,-0.23363238015398657,-0.2576555811379681,0.0
2015-01-30,0.6585301920126106,2.9887745960019876,-3.3972743633403057,-3.268822300465165,-2.785430870688983,-3.0478091784678236,0.0
2015-02-27,2.3817642414907088,-1.0186973328235123,2.5436679964907114,5.767102874492803,5.616539084642501,5.587935856077224,0.0
2015-03-31,-0.5490678164553529,0.3185619746525358,-5.272918811340284,1.7270475071070874,-1.2536516400274467,-1.5937984753018417,0.0
2015-04-30,1.1998325668843586,-0.7027893994278568,5.575477561915009,-2.583360838208598,0.7074263858465227,0.9544401039866374,0.0
2015-05-29,0.30276069431410146,-0.6549091806611481,-2.7352131660269356,2.2573811393999423,1.2997608989542278,1.277923947472004,0.0
2015-06-30,-1.49958468374391,-1.8550252909847524,1.7126775492930832,0.7460328198119246,-1.893803623802881,-1.9548010495629868,0.0
2015-07-31,-0.5841546995602285,0.6729424628119193,-11.226247688546751,-1.1687591190649633,1.9091933574701934,2.073784893564077,0.0
2015-08-31,-1.7572054281829772,-0.5937895121816676,-0.9230107451895753,-6.490175342511365,-6.203870459260372,-6.223518833646264,0.0
2015-09-30,-2.636896822877216,0.7428482437441297,-3.4769323438793407,-5.030665190061431,-2.7790172327609333,-2.5050582714222966,0.0
2015-10-30,2.7120158161207684,0.4169568236724831,-0.44718724873302323,5.481203609523008,7.7802216028661535,8.09827616496343,0.0
2015-11-30,-2.2476353007297707,-0.21907165613630195,-7.530832249175782,3.2011455806938676,0.3297699330553553,0.29708871549687366,0.0
2015-12-31,-2.560844835005087,-0.7926152181160254,-3.144360501606306,-5.16172080704599,-1.8298925378223023,-1.6089533127157327,0.01
2016-01-29,-1.6303357496296984,0.34388504021090277,-1.704935855867669,-9.216228894196966,-5.542682407441652,-5.099921057960762,0.01
2016-02-29,0.5500109344434962,0.7844828470635975,-1.6599427295060714,-0.031260042525862376,-0.05771368044194396,-0.15484049077600615,0.02
2016-03-31,4.328719461138992,2.716040306022082,3.7304659895025187,7.658608665277976,6.714132398421893,6.54337939231513,0.02
2016-04-29,3.8303091425203846,1.3498368697745882,8.159194376739245,1.5473084600682459,0.5323174039570268,0.37716094875041434,0.01
2016-05-31,0.6055968142870389,-0.08719826114789277,-0.199100962485858,2.216856020477799,1.7260418368918857,1.7695021694718405,0.01
2016-06-30,0.8960514704785918,2.206106183150383,4.027780485736439,-0.08392853649018142,0.20622818221008515,0.23919841460122251,0.02
2016-07-29,2.6477284699060197,1.4304784497536707,-5.2667816032533405,5.779234263483435,3.7186701162185174,3.6001292687099937,0.02
2016-08-31,2.050658726711306,0.17570383100502784,-1.7978072054513268,1.7322986869510129,0.1127707991966826,0.12062478821449522,0.02
2016-09-30,0.6441588220502058,-0.26807505510570695,3.0639649560351363,1.0876639428548576,0.05911850644105458,-0.0013314886411204922,0.02
2016-10-31,0.36521237087895353,-0.8368977365600858,-0.509699569702515,-4.8907154070120065,-1.989305314273056,-1.861018558056103,0.02
2016-11-30,-0.48557120258666114,-2.7294103974374253,1.3147221280863521,10.549797075055244,3.8562112642935547,3.6266918127046526,0.01
2016-12-30,1.7987883488286276,0.6371070085285709,1.7564455324851453,2.7320486819727243,1.8253180505768842,1.9207565849047952,0.03
2017-01-31,1.4017169072931133,0.2675821361735446,0.09537667359619209,0.3525191097384027,1.9509360013163377,1.8388705646779948,0.04
2017-02-28,1.4047968711876055,1.1003809333954746,0.16855147217573987,1.8675914662447137,3.756727613195097,3.85373005958631,0.04
2017-03-31,-0.25306954967929474,-0.2626899525844344,-2.727543046290672,0.10076361564348493,0.032877998035445374,0.0865799331448387,0.03
2017-04-28,1.0980912736595225,1.0127644071435593,-1.567069639177104,1.0406355273742738,1.0017034760635344,0.9718657895462475,0.05
2017-05-31,0.8055226263553696,1.0830651129246773,-1.3971523445974163,-2.1153665229686833,1.2080611825492886,1.337392360549482,0.06
2017-06-30,0.07512201153133846,0.2453794046592883,-0.2523704402452013,3.3366719495309707,0.6357609514974245,0.5621481348533686,0.06
2017-07-31,1.0314788891353373,0.6587071173546022,2.1659126790208183,0.6693340262032155,1.8910102043698729,1.9653667371469739,0.07
2017-08-31,-0.1289817959951356,0.6835671401854297,0.3122688466860275,-1.3704532179058513,0.22231439071124395,0.21564507875643782,0.09
2017-09-29,0.8037895736847085,-0.2638279680591735,-0.23919205921376588,5.962882167085747,2.017105921713004,1.9518489559837844,0.09
2017-10-31,0.331600957653163,0.31293031079330447,2.031692068507257,0.7578689114658123,2.177737246354442,2.2165679314025577,0.09
2017-11-30,-0.33583344718459895,-0.22560519939962703,-0.5423597907766179,2.7585803797399753,2.923406973867269,2.941038039864141,0.08
2017-12-29,0.21199865790232056,0.8180381501138188,2.851760085622947,-0.49908136097279443,1.011428051428803,1.0086581108564472,0.09
2018-01-31,0.4877065725740959,-1.0705636357472925,1.8564545717206462,2.4675271301097577,5.233901094872374,5.455432838494612,0.11
2018-02-28,-0.9634217898649596,-1.7468217655241574,-1.8545924997379868,-4.046873080532791,-3.851230034015653,-3.865625216458786,0.11
2018-03-30,-0.7259483812139804,0.13291787297326124,-0.7434292336936467,1.1643007738228808,-2.4159370440678374,-2.694004100598677,0.12
2018-04-30,0.5086130198157209,-1.0721713922277916,2.4116367238607292,0.7209528131957941,0.19932620847156002,0.24284452499082199,0.14
2018-05-31,-0.16775564768145987,0.3944918993316635,1.2667252295623648,5.752879332309467,2.3801794965773264,2.239203314029092,0.14
2018-06-29,0.26068082038435864,-0.7225762723029299,-3.6986285778887917,0.5725227849600717,0.504406466229922,0.47365401071659174,0.14
2018-07-31,0.9251820946867527,0.6677338282603262,-2.317373687349152,1.564631171066717,3.232924641284474,3.4939677234056736,0.16
2018-08-31,0.5747334332336695,0.3327385806893304,-1.9463699706322863,4.057031890640804,3.2276732785462943,3.046357354277623,0.16
2018-09-28,0.4055291298679763,-0.507152042302159,1.7494718364981525,-2.5848024410727755,0.22901675752888148,0.4175637381312842,0.15
2018-10-31,-1.801381325676089,-1.6612185075124406,-2.37242312185726,-11.688025748764435,-7.5291855270329435,-7.270051376660132,0.19
2018-11-30,-1.0439549963916976,-0.3466460984617819,-0.7447013098393513,1.387608740554076,1.8339578730395953,1.8370603974258637,0.18
2018-12-31,-2.354570976611881,1.269869545665895,-7.32632100596775,-12.841966327160032,-9.743852404322126,-9.657523498213708,0.19
